U [V],I [A],U_error [V],I_error [A]
5.92741935483871,0.0034317089910775563,0.03079335982586572,0.0019412677589198282
5.941935483870967,0.00034317089910775565,0.020528906550577042,0.00024265846986497853
6.019354838709678,0.006177076183939601,0.03421484425096195,0.003882535517839656
5.912903225806451,0.0027453671928620448,0.020528906550577042,0.0014559508191898708
5.9467741935483875,0.0020590253946465337,0.03079335982586572,0.001455950819189871
5.917741935483871,0.0075497597803706245,0.003421484425095912,0.005338486337029528
5.917741935483871,0.001029512697323267,0.010264453275288363,0.00024265846986497853
5.9322580645161285,0.005147563486616335,0.0,0.0016986092890548497
5.893548387096773,0.0,0.0,0.0
5.903225806451612,0.0020590253946465337,0.020528906550577042,0.001455950819189871
5.908064516129032,0.0,0.003421484425096226,0.0
5.966129032258065,0.0006863417982155113,0.058165235226635525,0.00048531693972995706
5.92258064516129,0.00034317089910775565,0.02737187540076949,0.00024265846986497853
5.869354838709677,0.0,0.010264453275288363,0.0
5.92258064516129,0.001029512697323267,0.01368593770038459,0.00024265846986497853
5.908064516129032,0.0,0.017107422125480814,0.0
5.893548387096774,0.00034317089910775565,0.013685937700384903,0.00024265846986497853
5.903225806451612,0.0020590253946465337,0.006842968850192766,0.001455950819189871
5.9080645161290315,0.005833905284831846,0.010264453275288677,0.003639877047974678
5.917741935483871,0.00034317089910775565,0.023950390975673266,0.00024265846986497853
5.9322580645161285,0.0013726835964310226,0.020528906550577042,0.0009706338794599141
5.92741935483871,0.01166781056966369,0.010264453275288363,0.008250387975409269
5.912903225806452,0.00034317089910775565,0.0,0.00024265846986497853
5.874193548387097,0.00034317089910775565,0.020528906550577354,0.00024265846986497853
5.883870967741935,0.004118050789293067,0.013685937700384903,0.002911901638379742
5.9322580645161285,0.0,0.01368593770038459,0.0
5.980645161290322,0.0,0.006842968850192452,0.0
5.888709677419355,0.0010295126973232668,0.023950390975672954,0.0007279754095949355
5.903225806451613,0.0,0.0,0.0
5.912903225806451,0.0,0.006842968850192138,0.0
5.92258064516129,0.00034317089910775565,0.006842968850192138,0.00024265846986497853
5.970967741935484,0.013726835964310225,0.041057813101154396,0.008735704915139227
5.908064516129032,0.0006863417982155113,0.003421484425096226,0.00048531693972995706
5.946774193548387,0.0017158544955387781,0.003421484425096226,0.0012132923493248925
5.888709677419355,0.0,0.010264453275288677,0.0
5.9564516129032254,0.0,0.023950390975673582,0.0
5.893548387096773,0.0013726835964310226,0.0,0.000485316939729957
5.951612903225806,0.00034317089910775565,0.0,0.00024265846986497853
5.898387096774194,0.0,0.00342148442509654,0.0
5.908064516129032,0.0,0.051322266376443076,0.0
5.9322580645161285,0.0,0.006842968850192452,0.0
5.917741935483871,0.00034317089910775565,0.010264453275288363,0.00024265846986497853
5.888709677419355,0.0017158544955387781,0.010264453275288677,0.0007279754095949355
5.937096774193548,0.0006863417982155113,0.003421484425096226,0.00048531693972995706
5.917741935483871,0.0,0.010264453275288363,0.0
5.879032258064516,0.00034317089910775565,0.017107422125480814,0.00024265846986497853
5.91774193548387,0.00034317089910775565,0.01710742212548113,0.00024265846986497853
5.874193548387097,0.005147563486616334,0.013685937700384275,0.0031545601082447207
5.941935483870967,0.0,0.020528906550577042,0.0
5.917741935483871,0.0010295126973232668,0.03079335982586572,0.0007279754095949355
5.92741935483871,0.00034317089910775565,0.03079335982586572,0.00024265846986497853
5.908064516129032,0.0,0.003421484425096226,0.0
5.912903225806451,0.003774879890185312,0.006842968850192138,0.0012132923493248927
5.951612903225806,0.0006863417982155113,0.0,0.0
5.903225806451612,0.01338366506520247,0.020528906550577042,0.008978363385004205
5.9322580645161285,0.00034317089910775565,0.027371875400769807,0.00024265846986497853
5.937096774193548,0.0,0.003421484425096226,0.0
5.908064516129032,0.0006863417982155113,0.023950390975673266,0.00048531693972995706
5.9322580645161285,0.00549073438572409,0.027371875400769807,0.0038825355178396565
5.893548387096774,0.0,0.02737187540076918,0.0
5.869354838709677,0.0006863417982155113,0.017107422125480814,0.00048531693972995706
5.951612903225806,0.0,0.020528906550577354,0.0
5.941935483870967,0.00034317089910775565,0.0,0.00024265846986497853
5.893548387096774,0.0006863417982155113,0.006842968850192452,0.00048531693972995706
5.941935483870967,0.0,0.0,0.0
5.8838709677419345,0.0,0.006842968850192138,0.0
5.888709677419355,0.00034317089910775565,0.03079335982586572,0.00024265846986497853
5.912903225806451,0.00549073438572409,0.006842968850192138,0.0033972185781096995
5.946774193548387,0.010295126973232668,0.003421484425096226,0.006794437156219398
5.903225806451612,0.0,0.02737187540076949,0.0
5.941935483870967,0.012697323266986959,0.006842968850192452,0.008978363385004205
5.908064516129032,0.00034317089910775565,0.03079335982586572,0.00024265846986497853
5.961290322580645,0.00034317089910775565,0.006842968850192452,0.00024265846986497853
5.903225806451613,0.0006863417982155113,0.0,0.00048531693972995706
5.9322580645161285,0.0034317089910775563,0.006842968850192452,0.000970633879459914
5.908064516129032,0.0017158544955387781,0.003421484425096226,0.0012132923493248925
5.946774193548387,0.0,0.01710742212548113,0.0
5.898387096774194,0.002745367192862045,0.00342148442509654,0.0019412677589198282
5.917741935483871,0.0,0.010264453275288363,0.0
5.912903225806451,0.00034317089910775565,0.006842968850192138,0.00024265846986497853
5.8838709677419345,0.0,0.02737187540076949,0.0
5.9322580645161285,0.00034317089910775565,0.020528906550577042,0.00024265846986497853
5.937096774193549,0.0,0.023950390975673266,0.0
5.946774193548387,0.00034317089910775565,0.01710742212548113,0.00024265846986497853
5.937096774193548,0.0,0.03079335982586603,0.0
5.9322580645161285,0.0,0.027371875400769807,0.0
5.970967741935484,0.0,0.006842968850192452,0.0
5.937096774193548,0.00034317089910775565,0.010264453275288677,0.00024265846986497853
5.912903225806451,0.012010981468771446,0.02737187540076949,0.00800772950554429
5.908064516129032,0.0,0.023950390975673266,0.0
5.898387096774194,0.0,0.017107422125480814,0.0
5.937096774193548,0.00034317089910775565,0.010264453275288677,0.00024265846986497853
5.92258064516129,0.0010295126973232668,0.020528906550577354,0.0007279754095949355
6.004838709677419,0.0006863417982155113,0.03079335982586603,0.0
5.888709677419355,0.0,0.010264453275288677,0.0
5.937096774193548,0.0061770761839396015,0.010264453275288677,0.001941267758919828
5.92741935483871,0.00034317089910775565,0.010264453275288363,0.00024265846986497853
5.970967741935484,0.00549073438572409,0.020528906550577354,0.0004853169397299572
5.951612903225806,0.002745367192862045,0.047900781951346845,0.0019412677589198282
5.912903225806451,0.00034317089910775565,0.006842968850192138,0.00024265846986497853
5.883870967741935,0.00034317089910775565,0.013685937700384903,0.00024265846986497853
5.9564516129032254,0.0013726835964310226,0.010264453275288677,0.000485316939729957
5.92258064516129,0.0,0.020528906550577354,0.0
5.893548387096774,0.0,0.02737187540076918,0.0
5.92741935483871,0.0,0.017107422125480814,0.0
5.92741935483871,0.0,0.03079335982586572,0.0
5.888709677419355,0.0,0.023950390975672954,0.0
5.903225806451613,0.0,0.03421484425096163,0.0
5.845161290322581,0.004118050789293067,0.020528906550577042,0.002911901638379742
5.888709677419355,0.0006863417982155113,0.023950390975672954,0.00048531693972995706
5.917741935483871,0.0006863417982155113,0.003421484425095912,0.00048531693972995706
6.0,0.00034317089910775565,0.05474375080153961,0.00024265846986497853
5.9322580645161285,0.0034317089910775563,0.020528906550577042,0.002426584698649785
5.941935483870967,0.0037748798901853123,0.013685937700384903,0.002669243168514764
5.917741935483871,0.00034317089910775565,0.010264453275288363,0.00024265846986497853
5.946774193548387,0.00034317089910775565,0.003421484425096226,0.00024265846986497853
5.9322580645161285,0.012697323266986959,0.006842968850192452,0.008978363385004205
5.903225806451613,0.00034317089910775565,0.03421484425096163,0.00024265846986497853
5.9322580645161285,0.0,0.01368593770038459,0.0
5.961290322580645,0.0,0.006842968850192452,0.0
5.941935483870967,0.00034317089910775565,0.006842968850192452,0.00024265846986497853
5.883870967741935,0.0030885380919698007,0.0,0.0021839262287848067
5.92741935483871,0.0034317089910775563,0.010264453275288363,0.002426584698649785
5.961290322580645,0.007206588881262868,0.013685937700384903,0.004610510927434592
5.941935483870967,0.0017158544955387781,0.013685937700384903,0.0012132923493248925
5.937096774193548,0.0030885380919698007,0.003421484425096226,0.0021839262287848067
5.893548387096774,0.0006863417982155113,0.006842968850192452,0.0
5.8838709677419345,0.0,0.02737187540076949,0.0
5.912903225806451,0.002059025394646534,0.03421484425096195,0.00048531693972995706
5.917741935483871,0.0030885380919698007,0.04447929752625031,0.0016986092890548497
5.912903225806451,0.0034317089910775563,0.006842968850192138,0.000970633879459914
5.92741935483871,0.00034317089910775565,0.017107422125480814,0.00024265846986497853
5.869354838709677,0.0024021962937542897,0.003421484425096226,0.0007279754095949355
5.908064516129032,0.0,0.023950390975673266,0.0
5.92258064516129,0.001029512697323267,0.0,0.00024265846986497853
5.92741935483871,0.00034317089910775565,0.010264453275288363,0.00024265846986497853
5.980645161290322,0.00034317089910775565,0.027371875400769807,0.00024265846986497853
5.946774193548387,0.00549073438572409,0.003421484425096226,0.0038825355178396565
5.903225806451612,0.00034317089910775565,0.01368593770038459,0.00024265846986497853
5.893548387096774,0.004118050789293067,0.006842968850192452,0.001455950819189871
5.937096774193549,0.012010981468771447,0.023950390975673266,0.008493046445274249
5.9322580645161285,0.0010295126973232668,0.027371875400769807,0.0007279754095949355
5.9322580645161285,0.0,0.027371875400769807,0.0
5.883870967741935,0.00034317089910775565,0.013685937700384903,0.00024265846986497853
5.893548387096774,0.004118050789293068,0.02737187540076918,0.0024265846986497855
5.912903225806451,0.0006863417982155113,0.020528906550577042,0.00048531693972995706
5.903225806451612,0.0,0.01368593770038459,0.0
5.912903225806451,0.0,0.013685937700384903,0.0
5.951612903225806,0.0061770761839396015,0.006842968850192452,0.0043678524575696135
5.92258064516129,0.0,0.020528906550577354,0.0
5.879032258064516,0.00789293067947838,0.010264453275288363,0.005581144806894506
5.879032258064516,0.0024021962937542892,0.010264453275288363,0.0016986092890548495
5.937096774193548,0.002745367192862045,0.003421484425096226,0.0019412677589198282
5.888709677419355,0.0010295126973232668,0.003421484425095912,0.0007279754095949355
5.980645161290322,0.001029512697323267,0.07527265735211602,0.00024265846986497853
5.893548387096773,0.0024021962937542892,0.0,0.0012132923493248925
5.9080645161290315,0.004118050789293067,0.010264453275288677,0.002911901638379742
5.92258064516129,0.002059025394646534,0.020528906550577354,0.00048531693972995706
5.985483870967742,0.0030885380919698007,0.09238007947759684,0.0016986092890548497
5.951612903225806,0.0,0.0,0.0
5.888709677419355,0.00034317089910775565,0.01710742212548113,0.00024265846986497853
5.816129032258065,0.0,0.027371875400769807,0.0
5.864516129032259,0.00034317089910775565,0.006842968850192138,0.00024265846986497853
5.937096774193548,0.0006863417982155113,0.010264453275288677,0.0
5.941935483870967,0.0017158544955387781,0.0,0.0007279754095949355
5.92258064516129,0.0,0.03421484425096195,0.0
5.903225806451613,0.0,0.0,0.0
5.927419354838709,0.00034317089910775565,0.003421484425096226,0.00024265846986497853
5.898387096774194,0.0034317089910775563,0.010264453275288677,0.002426584698649785
5.912903225806451,0.0,0.013685937700384903,0.0
5.893548387096774,0.00549073438572409,0.006842968850192452,0.0038825355178396565
5.92258064516129,0.0,0.0,0.0
5.912903225806451,0.012697323266986959,0.03421484425096195,0.00024265846986497845
5.893548387096773,0.00034317089910775565,0.020528906550577042,0.00024265846986497853
5.927419354838709,0.00034317089910775565,0.023950390975673582,0.00024265846986497853
5.864516129032259,0.0024021962937542897,0.02737187540076949,0.0007279754095949355
5.917741935483871,0.0006863417982155113,0.010264453275288363,0.00048531693972995706
5.874193548387097,0.0013726835964310226,0.020528906550577354,0.000485316939729957
5.903225806451613,0.00034317089910775565,0.03421484425096163,0.00024265846986497853
5.9322580645161285,0.00034317089910775565,0.020528906550577042,0.00024265846986497853
5.903225806451612,0.0017158544955387781,0.006842968850192766,0.0007279754095949355
5.883870967741936,0.0,0.020528906550577042,0.0
5.898387096774194,0.007206588881262868,0.03763632867605817,0.004610510927434592
5.951612903225806,0.0,0.006842968850192452,0.0
5.879032258064516,0.0,0.010264453275288363,0.0
5.903225806451612,0.0017158544955387781,0.01368593770038459,0.0007279754095949355
5.908064516129032,0.0017158544955387781,0.003421484425096226,0.0012132923493248925
5.912903225806451,0.0010295126973232668,0.006842968850192138,0.0007279754095949355
5.946774193548387,0.0010295126973232668,0.010264453275288677,0.0007279754095949355
5.888709677419355,0.00034317089910775565,0.003421484425095912,0.00024265846986497853
5.912903225806451,0.0,0.006842968850192138,0.0
5.903225806451612,0.0,0.02737187540076949,0.0
5.9467741935483875,0.002745367192862045,0.06500820407682735,0.0019412677589198282
5.908064516129032,0.0010295126973232668,0.017107422125480814,0.0007279754095949355
5.908064516129032,0.0006863417982155113,0.03763632867605786,0.0
5.874193548387097,0.0,0.006842968850192452,0.0
5.917741935483871,0.00034317089910775565,0.003421484425095912,0.00024265846986497853
5.912903225806451,0.0,0.006842968850192138,0.0
5.917741935483871,0.004118050789293067,0.003421484425095912,0.002911901638379742
5.8838709677419345,0.013040494166094714,0.006842968850192138,0.009221021854869184
5.908064516129032,0.0,0.003421484425096226,0.0
5.898387096774194,0.001029512697323267,0.010264453275288677,0.00024265846986497853
5.92258064516129,0.0013726835964310226,0.0,0.0009706338794599141
5.927419354838709,0.0,0.023950390975673582,0.0
5.908064516129032,0.00034317089910775565,0.017107422125480814,0.00024265846986497853
5.9322580645161285,0.00549073438572409,0.006842968850192452,0.0038825355178396565
5.9322580645161285,0.0,0.020528906550577042,0.0
5.903225806451612,0.0024021962937542892,0.020528906550577042,0.0016986092890548495
5.888709677419355,0.0006863417982155113,0.003421484425095912,0.00048531693972995706
5.912903225806451,0.0006863417982155113,0.020528906550577042,0.00048531693972995706
5.91774193548387,0.00034317089910775565,0.01710742212548113,0.00024265846986497853
5.898387096774194,0.0006863417982155113,0.017107422125480814,0.00048531693972995706
5.903225806451612,0.00034317089910775565,0.006842968850192766,0.00024265846986497853
5.859677419354838,0.00034317089910775565,0.01710742212548113,0.00024265846986497853
5.893548387096774,0.0010295126973232668,0.006842968850192452,0.0007279754095949355
5.912903225806451,0.0013726835964310226,0.006842968850192138,0.0009706338794599141
5.903225806451612,0.0024021962937542892,0.041057813101154396,0.0016986092890548495
5.9080645161290315,0.00034317089910775565,0.010264453275288677,0.00024265846986497853
5.941935483870967,0.0048043925875085785,0.020528906550577042,0.003397218578109699
5.883870967741935,0.0030885380919698007,0.041057813101154084,0.0021839262287848067
5.946774193548387,0.0006863417982155113,0.003421484425096226,0.0
5.941935483870967,0.0006863417982155113,0.006842968850192452,0.00048531693972995706
5.9467741935483875,0.0,0.03079335982586572,0.0
5.888709677419355,0.0,0.003421484425095912,0.0
5.898387096774194,0.0020590253946465337,0.00342148442509654,0.0
5.9322580645161285,0.0017158544955387781,0.027371875400769807,0.0012132923493248925
5.92258064516129,0.0,0.02737187540076949,0.0
5.91774193548387,0.0,0.01710742212548113,0.0
5.917741935483871,0.0,0.010264453275288363,0.0
5.937096774193549,0.0017158544955387781,0.017107422125480814,0.0007279754095949355
5.888709677419355,0.00034317089910775565,0.003421484425095912,0.00024265846986497853
5.888709677419355,0.0,0.03079335982586572,0.0
5.937096774193548,0.0,0.010264453275288677,0.0
5.917741935483871,0.0,0.003421484425095912,0.0
5.908064516129032,0.0006863417982155113,0.03763632867605786,0.00048531693972995706
5.912903225806451,0.0006863417982155113,0.02737187540076949,0.0
5.903225806451612,0.0034317089910775563,0.01368593770038459,0.002426584698649785
5.917741935483871,0.0,0.010264453275288363,0.0
5.888709677419355,0.0017158544955387781,0.01710742212548113,0.0012132923493248925
5.985483870967741,0.0034317089910775563,0.03763632867605817,0.002426584698649785
5.980645161290322,0.010295126973232668,0.05474375080153867,0.006794437156219398
5.92741935483871,0.0,0.017107422125480814,0.0
6.009677419354839,0.00034317089910775565,0.047900781951347164,0.00024265846986497853
5.92258064516129,0.0,0.01368593770038459,0.0
5.854838709677419,0.006520247083047357,0.006842968850192452,0.004610510927434592
5.903225806451612,0.0,0.01368593770038459,0.0
5.912903225806451,0.0,0.013685937700384903,0.0
5.9080645161290315,0.001029512697323267,0.010264453275288677,0.00024265846986497853
5.917741935483871,0.0006863417982155113,0.003421484425095912,0.00048531693972995706
5.9322580645161285,0.00034317089910775565,0.01368593770038459,0.00024265846986497853
6.024193548387096,0.00034317089910775565,0.07185117292702042,0.00024265846986497853
5.912903225806451,0.00034317089910775565,0.013685937700384903,0.00024265846986497853
5.898387096774194,0.0,0.010264453275288677,0.0
5.937096774193548,0.0006863417982155113,0.010264453275288677,0.00048531693972995706
5.912903225806451,0.0,0.006842968850192138,0.0
5.92258064516129,0.0006863417982155113,0.02737187540076949,0.00048531693972995706
5.99516129032258,0.00034317089910775565,0.07185117292702042,0.00024265846986497853
5.908064516129032,0.012697323266986959,0.003421484425096226,0.008978363385004205
5.951612903225806,0.0,0.0,0.0
5.903225806451612,0.004461221688400823,0.020528906550577042,0.0031545601082447207
5.888709677419355,0.0,0.01710742212548113,0.0
5.893548387096773,0.0006863417982155113,0.020528906550577042,0.00048531693972995706
5.941935483870967,0.0,0.0547437508015393,0.0
5.893548387096774,0.0006863417982155113,0.013685937700384903,0.00048531693972995706
5.917741935483871,0.0024021962937542892,0.03763632867605817,0.0012132923493248925
5.917741935483871,0.0,0.04447929752625031,0.0
5.917741935483871,0.0024021962937542892,0.003421484425095912,0.0016986092890548495
5.908064516129032,0.0006863417982155113,0.03079335982586572,0.00048531693972995706
5.912903225806451,0.0,0.02737187540076949,0.0
5.92258064516129,0.00034317089910775565,0.01368593770038459,0.00024265846986497853
5.92258064516129,0.0,0.020528906550577354,0.0
5.888709677419355,0.0006863417982155113,0.010264453275288677,0.00048531693972995706
5.912903225806451,0.0017158544955387781,0.013685937700384903,0.0012132923493248925
5.874193548387097,0.0,0.013685937700384275,0.0
5.9322580645161285,0.0,0.020528906550577042,0.0
5.9322580645161285,0.009265614275909401,0.0,0.006066461746624462
5.917741935483871,0.0,0.03763632867605817,0.0
5.92741935483871,0.0,0.03763632867605817,0.0
5.912903225806451,0.00034317089910775565,0.006842968850192138,0.00024265846986497853
5.879032258064516,0.0,0.010264453275288363,0.0
5.898387096774194,0.0,0.023950390975673266,0.0
5.941935483870967,0.0013726835964310226,0.006842968850192452,0.0009706338794599141
5.888709677419355,0.0,0.003421484425095912,0.0
5.951612903225806,0.0006863417982155113,0.047900781951346845,0.0
5.879032258064516,0.0,0.017107422125480814,0.0
5.9467741935483875,0.00034317089910775565,0.06500820407682735,0.00024265846986497853
5.859677419354838,0.00034317089910775565,0.010264453275288677,0.00024265846986497853
5.859677419354838,0.0013726835964310226,0.023950390975672954,0.0009706338794599141
5.908064516129032,0.0017158544955387781,0.017107422125480814,0.0012132923493248925
5.9322580645161285,0.012354152367879203,0.01368593770038459,0.008735704915139227
5.92258064516129,0.0006863417982155113,0.006842968850192138,0.00048531693972995706
5.898387096774194,0.00034317089910775565,0.010264453275288677,0.00024265846986497853
5.937096774193548,0.0010295126973232668,0.003421484425096226,0.0007279754095949355
5.903225806451613,0.0006863417982155113,0.0,0.00048531693972995706
5.951612903225806,0.0020590253946465337,0.041057813101154396,0.001455950819189871
5.893548387096773,0.0,0.0,0.0
5.883870967741935,0.0006863417982155113,0.0,0.00048531693972995706
5.9951612903225815,0.0,0.058165235226635525,0.0
5.908064516129032,0.0006863417982155113,0.003421484425096226,0.0
5.92258064516129,0.00034317089910775565,0.0,0.00024265846986497853
5.864516129032257,0.00034317089910775565,0.020528906550577042,0.00024265846986497853
5.898387096774194,0.0,0.017107422125480814,0.0
5.8838709677419345,0.0013726835964310226,0.006842968850192138,0.0009706338794599141
5.903225806451612,0.0020590253946465337,0.006842968850192766,0.001455950819189871
5.941935483870967,0.001029512697323267,0.0,0.00024265846986497853
5.917741935483871,0.002745367192862045,0.010264453275288363,0.0019412677589198282
5.9080645161290315,0.00857927247769389,0.010264453275288677,0.005581144806894506
5.912903225806451,0.0,0.013685937700384903,0.0
5.9322580645161285,0.00034317089910775565,0.041057813101154396,0.00024265846986497853
5.903225806451612,0.00549073438572409,0.020528906550577042,0.0038825355178396565
5.908064516129032,0.0010295126973232668,0.017107422125480814,0.0007279754095949355
6.019354838709677,0.002745367192862045,0.06158671965173144,0.0019412677589198282
5.92741935483871,0.003774879890185312,0.010264453275288363,0.0016986092890548497
5.92258064516129,0.0006863417982155113,0.01368593770038459,0.00048531693972995706
5.927419354838709,0.0,0.003421484425096226,0.0
5.883870967741936,0.008236101578586135,0.020528906550577042,0.005823803276759484
5.883870967741935,0.0006863417982155113,0.013685937700384903,0.00048531693972995706
5.893548387096774,0.00034317089910775565,0.013685937700384903,0.00024265846986497853
5.912903225806452,0.0030885380919698007,0.0,0.0016986092890548497
5.869354838709677,0.0,0.03763632867605786,0.0
5.888709677419355,0.0013726835964310226,0.023950390975672954,0.0
5.898387096774194,0.00034317089910775565,0.017107422125480814,0.00024265846986497853
5.92741935483871,0.0010295126973232668,0.010264453275288363,0.0007279754095949355
5.9322580645161285,0.00549073438572409,0.05474375080153867,0.0033972185781096995
5.898387096774194,0.013040494166094714,0.00342148442509654,0.009221021854869184
5.888709677419355,0.0010295126973232668,0.003421484425095912,0.0007279754095949355
5.869354838709677,0.004118050789293067,0.010264453275288363,0.002911901638379742
5.898387096774194,0.00034317089910775565,0.00342148442509654,0.00024265846986497853
5.898387096774194,0.00034317089910775565,0.03763632867605817,0.00024265846986497853
5.888709677419355,0.00034317089910775565,0.010264453275288677,0.00024265846986497853
5.912903225806452,0.0,0.0,0.0
5.908064516129032,0.0,0.003421484425096226,0.0
5.941935483870967,0.00034317089910775565,0.006842968850192452,0.00024265846986497853
5.903225806451612,0.00034317089910775565,0.006842968850192766,0.00024265846986497853
5.912903225806451,0.005147563486616335,0.02737187540076949,0.003639877047974678
5.883870967741935,0.00034317089910775565,0.0,0.00024265846986497853
5.874193548387097,0.0,0.013685937700384275,0.0
5.908064516129032,0.0006863417982155113,0.003421484425096226,0.00048531693972995706
5.946774193548387,0.0024021962937542892,0.003421484425096226,0.0016986092890548495
5.92741935483871,0.0013726835964310226,0.017107422125480814,0.0
5.898387096774194,0.0,0.00342148442509654,0.0
5.92741935483871,0.0,0.017107422125480814,0.0
5.898387096774194,0.012354152367879203,0.00342148442509654,0.008735704915139227
6.0,0.0010295126973232668,0.061586719651731126,0.0007279754095949355
5.927419354838709,0.00034317089910775565,0.003421484425096226,0.00024265846986497853
5.975806451612902,0.004461221688400823,0.05816523522663521,0.00024265846986497845
5.9564516129032254,0.00034317089910775565,0.01710742212548113,0.00024265846986497853
5.9322580645161285,0.0013726835964310226,0.006842968850192452,0.0009706338794599141
5.908064516129032,0.00034317089910775565,0.017107422125480814,0.00024265846986497853
5.966129032258063,0.0,0.03079335982586572,0.0
5.92258064516129,0.00034317089910775565,0.0,0.00024265846986497853
5.92258064516129,0.0006863417982155113,0.02737187540076949,0.00048531693972995706
5.8838709677419345,0.0006863417982155113,0.006842968850192138,0.0
5.92258064516129,0.0006863417982155113,0.01368593770038459,0.00048531693972995706
5.961290322580645,0.012697323266986959,0.0,0.008978363385004205
5.898387096774194,0.0006863417982155113,0.017107422125480814,0.00048531693972995706
5.893548387096774,0.0,0.013685937700384903,0.0
5.874193548387097,0.0,0.006842968850192452,0.0
5.912903225806451,0.0010295126973232668,0.006842968850192138,0.0007279754095949355
5.903225806451613,0.0006863417982155113,0.03421484425096163,0.0
5.888709677419355,0.0,0.010264453275288677,0.0
5.9322580645161285,0.005147563486616334,0.020528906550577042,0.0026692431685147633
5.879032258064516,0.0006863417982155113,0.017107422125480814,0.0
5.903225806451612,0.0,0.01368593770038459,0.0
5.869354838709677,0.001029512697323267,0.017107422125480814,0.00024265846986497853
5.92258064516129,0.00789293067947838,0.006842968850192138,0.004125193987704635
5.908064516129032,0.0,0.03079335982586572,0.0
5.92258064516129,0.0006863417982155113,0.01368593770038459,0.0
5.92741935483871,0.00034317089910775565,0.010264453275288363,0.00024265846986497853
5.9322580645161285,0.00034317089910775565,0.01368593770038459,0.00024265846986497853
5.937096774193549,0.0024021962937542892,0.017107422125480814,0.0012132923493248925
5.898387096774194,0.00034317089910775565,0.00342148442509654,0.00024265846986497853
5.898387096774194,0.0013726835964310226,0.023950390975673266,0.0
5.898387096774194,0.0034317089910775563,0.010264453275288677,0.0004853169397299569
5.883870967741936,0.001029512697323267,0.020528906550577042,0.00024265846986497853
5.898387096774194,0.0030885380919698007,0.010264453275288677,0.0021839262287848067
5.917741935483871,0.0,0.010264453275288363,0.0
5.912903225806451,0.0,0.02737187540076949,0.0
5.912903225806451,0.001029512697323267,0.013685937700384903,0.00024265846986497853
5.9322580645161285,0.0020590253946465337,0.01368593770038459,0.001455950819189871
5.92258064516129,0.0006863417982155113,0.0,0.0
5.9322580645161285,0.0017158544955387781,0.006842968850192452,0.0012132923493248925
5.8838709677419345,0.00034317089910775565,0.02737187540076949,0.00024265846986497853
5.927419354838709,0.0,0.003421484425096226,0.0
5.8838709677419345,0.00034317089910775565,0.006842968850192138,0.00024265846986497853
5.937096774193548,0.0,0.010264453275288677,0.0
5.9322580645161285,0.0013726835964310226,0.020528906550577042,0.0
5.946774193548387,0.0020590253946465337,0.01710742212548113,0.0
5.937096774193548,0.0013726835964310226,0.003421484425096226,0.0009706338794599141
5.946774193548387,0.0,0.010264453275288677,0.0
5.912903225806451,0.0010295126973232668,0.020528906550577042,0.0007279754095949355
5.908064516129032,0.00034317089910775565,0.023950390975673266,0.00024265846986497853
5.937096774193548,0.0013726835964310226,0.003421484425096226,0.0009706338794599141
5.898387096774194,0.0,0.023950390975673266,0.0
5.864516129032258,0.0,0.013685937700384903,0.0
5.908064516129032,0.0006863417982155113,0.017107422125480814,0.00048531693972995706
5.937096774193548,0.00034317089910775565,0.010264453275288677,0.00024265846986497853
5.898387096774194,0.0,0.00342148442509654,0.0
5.898387096774194,0.0006863417982155113,0.00342148442509654,0.00048531693972995706
5.879032258064516,0.002745367192862045,0.023950390975673582,0.0019412677589198282
6.029032258064516,0.0017158544955387781,0.047900781951346845,0.0007279754095949355
5.961290322580645,0.006520247083047357,0.020528906550577354,0.004125193987704635
5.937096774193548,0.00549073438572409,0.003421484425096226,0.0033972185781096995
5.927419354838709,0.00034317089910775565,0.023950390975673582,0.00024265846986497853
5.92258064516129,0.0,0.020528906550577354,0.0
5.927419354838709,0.007549759780370624,0.003421484425096226,0.0019412677589198287
5.951612903225806,0.00549073438572409,0.041057813101154396,0.0038825355178396565
5.9322580645161285,0.0006863417982155113,0.01368593770038459,0.00048531693972995706
5.903225806451612,0.0,0.01368593770038459,0.0
5.903225806451612,0.0,0.01368593770038459,0.0
5.869354838709677,0.0017158544955387781,0.017107422125480814,0.00024265846986497845
5.912903225806451,0.00034317089910775565,0.013685937700384903,0.00024265846986497853
5.9322580645161285,0.005833905284831846,0.01368593770038459,0.0007279754095949357
5.893548387096773,0.0013726835964310226,0.020528906550577042,0.000485316939729957
5.85483870967742,0.0006863417982155113,0.0,0.0
5.912903225806452,0.0010295126973232668,0.0,0.0007279754095949355
5.898387096774194,0.00034317089910775565,0.00342148442509654,0.00024265846986497853
5.92741935483871,0.0010295126973232668,0.03079335982586572,0.0007279754095949355
5.869354838709677,0.0006863417982155113,0.023950390975673582,0.00048531693972995706
5.874193548387097,0.00034317089910775565,0.006842968850192452,0.00024265846986497853
5.8838709677419345,0.0,0.02737187540076949,0.0
5.908064516129032,0.0,0.017107422125480814,0.0
5.888709677419355,0.0006863417982155113,0.03079335982586572,0.0
5.970967741935484,0.006863417982155113,0.013685937700384903,0.00485316939729957
5.966129032258065,0.00034317089910775565,0.07869414177721257,0.00024265846986497853
5.898387096774194,0.0006863417982155113,0.023950390975673266,0.00048531693972995706
5.888709677419355,0.0,0.003421484425095912,0.0
5.869354838709677,0.0,0.010264453275288363,0.0
5.961290322580645,0.0027453671928620448,0.027371875400769807,0.0014559508191898708
5.903225806451613,0.0,0.0,0.0
5.869354838709677,0.0006863417982155113,0.017107422125480814,0.00048531693972995706
5.869354838709677,0.0,0.003421484425096226,0.0
5.9564516129032254,0.0,0.010264453275288677,0.0
5.937096774193549,0.00034317089910775565,0.023950390975673266,0.00024265846986497853
5.92258064516129,0.0,0.01368593770038459,0.0
5.917741935483871,0.0,0.03079335982586572,0.0
5.9322580645161285,0.00034317089910775565,0.0,0.00024265846986497853
5.8838709677419345,0.0006863417982155113,0.006842968850192138,0.00048531693972995706
5.9080645161290315,0.0024021962937542892,0.010264453275288677,0.0016986092890548495
5.941935483870967,0.0024021962937542892,0.013685937700384903,0.0016986092890548495
5.908064516129032,0.0,0.003421484425096226,0.0
5.917741935483871,0.00034317089910775565,0.010264453275288363,0.00024265846986497853
5.879032258064516,0.0006863417982155113,0.017107422125480814,0.0
5.893548387096774,0.00034317089910775565,0.013685937700384903,0.00024265846986497853
5.937096774193548,0.0,0.010264453275288677,0.0
5.941935483870967,0.0024021962937542892,0.041057813101154396,0.0012132923493248925
5.91774193548387,0.0017158544955387781,0.01710742212548113,0.0007279754095949355
5.908064516129032,0.0048043925875085785,0.003421484425096226,0.002911901638379742
5.917741935483871,0.00034317089910775565,0.010264453275288363,0.00024265846986497853
5.898387096774194,0.0024021962937542897,0.010264453275288677,0.0002426584698649786
5.898387096774194,0.0006863417982155113,0.030793359825865403,0.00048531693972995706
5.912903225806451,0.002745367192862045,0.013685937700384903,0.000970633879459914
5.92258064516129,0.00034317089910775565,0.020528906550577354,0.00024265846986497853
5.869354838709677,0.0,0.010264453275288363,0.0
5.879032258064516,0.00034317089910775565,0.023950390975673582,0.00024265846986497853
5.9322580645161285,0.00034317089910775565,0.006842968850192452,0.00024265846986497853
5.941935483870967,0.0006863417982155113,0.0,0.00048531693972995706
5.888709677419355,0.013040494166094714,0.03079335982586572,0.00825038797540927
5.912903225806451,0.0034317089910775563,0.013685937700384903,0.0004853169397299569
5.92258064516129,0.0,0.03421484425096195,0.0
5.903225806451612,0.0061770761839396015,0.01368593770038459,0.0043678524575696135
5.917741935483871,0.0,0.010264453275288363,0.0
6.014516129032257,0.0,0.0718511729270198,0.0
5.937096774193548,0.0010295126973232668,0.003421484425096226,0.0007279754095949355
5.898387096774194,0.0,0.017107422125480814,0.0
5.8838709677419345,0.00034317089910775565,0.02737187540076949,0.00024265846986497853
5.937096774193548,0.00034317089910775565,0.010264453275288677,0.00024265846986497853
5.9564516129032254,0.00034317089910775565,0.04447929752625093,0.00024265846986497853
5.917741935483871,0.0,0.003421484425095912,0.0
5.941935483870967,0.0013726835964310226,0.013685937700384903,0.0009706338794599141
5.898387096774194,0.0006863417982155113,0.023950390975673266,0.00048531693972995706
5.874193548387097,0.0,0.013685937700384275,0.0
5.908064516129032,0.0020590253946465337,0.003421484425096226,0.0009706338794599141
5.9080645161290315,0.00034317089910775565,0.010264453275288677,0.00024265846986497853
5.888709677419355,0.0024021962937542892,0.003421484425095912,0.0012132923493248925
5.879032258064516,0.0061770761839396015,0.017107422125480814,0.0043678524575696135
5.9467741935483875,0.0034317089910775563,0.03079335982586572,0.002426584698649785
5.879032258064516,0.00034317089910775565,0.003421484425096226,0.00024265846986497853
5.893548387096773,0.003774879890185312,0.03421484425096195,0.0016986092890548497
5.888709677419355,0.0006863417982155113,0.01710742212548113,0.00048531693972995706
5.912903225806451,0.0006863417982155113,0.006842968850192138,0.00048531693972995706
5.869354838709677,0.00034317089910775565,0.010264453275288363,0.00024265846986497853
5.912903225806451,0.001029512697323267,0.006842968850192138,0.00024265846986497853
5.966129032258064,0.00549073438572409,0.010264453275288677,0.0038825355178396565
5.859677419354838,0.00034317089910775565,0.003421484425095912,0.00024265846986497853
5.869354838709677,0.008922443376801646,0.010264453275288363,0.005823803276759484
5.84516129032258,0.0013726835964310226,0.0,0.0009706338794599141
5.903225806451612,0.001029512697323267,0.020528906550577042,0.00024265846986497853
5.888709677419355,0.002059025394646534,0.023950390975672954,0.00048531693972995706
5.941935483870967,0.00034317089910775565,0.02737187540076949,0.00024265846986497853
5.864516129032259,0.0017158544955387781,0.03421484425096195,0.0007279754095949355
5.893548387096774,0.00549073438572409,0.013685937700384903,0.0033972185781096995
5.869354838709677,0.0006863417982155113,0.03079335982586572,0.00048531693972995706
5.874193548387097,0.001029512697323267,0.006842968850192452,0.00024265846986497853
5.879032258064516,0.00034317089910775565,0.003421484425096226,0.00024265846986497853
5.966129032258064,0.005147563486616334,0.09238007947759747,0.0021839262287848063
5.912903225806451,0.0017158544955387781,0.013685937700384903,0.0007279754095949355
5.840322580645161,0.0006863417982155113,0.017107422125480814,0.0
5.864516129032258,0.0017158544955387781,0.013685937700384903,0.00024265846986497845
5.888709677419355,0.002059025394646534,0.010264453275288677,0.00048531693972995706
5.85,0.004118050789293067,0.04447929752625062,0.0019412677589198282
5.869354838709677,0.001029512697323267,0.003421484425096226,0.00024265846986497853
5.8838709677419345,0.0017158544955387781,0.006842968850192138,0.00024265846986497845
5.835483870967742,0.00034317089910775565,0.013685937700384903,0.00024265846986497853
5.845161290322581,0.0024021962937542892,0.01368593770038459,0.0016986092890548495
5.893548387096774,0.0061770761839396015,0.02737187540076918,0.0009706338794599144
5.908064516129032,0.004118050789293067,0.017107422125480814,0.0019412677589198282
5.869354838709677,0.004118050789293067,0.010264453275288363,0.001455950819189871
5.888709677419355,0.0027453671928620448,0.010264453275288677,0.0014559508191898708
5.845161290322581,0.0034317089910775563,0.006842968850192766,0.001455950819189871
5.874193548387097,0.0017158544955387781,0.020528906550577354,0.0007279754095949355
5.840322580645161,0.002745367192862045,0.023950390975673266,0.00048531693972995706
5.811290322580645,0.005147563486616334,0.003421484425096226,0.0021839262287848063
5.864516129032257,0.0020590253946465337,0.020528906550577042,0.0
5.825806451612903,0.0024021962937542897,0.04790078195134653,0.0002426584698649786
5.806451612903226,0.0030885380919698007,0.0,0.0016986092890548497
5.791935483870968,0.0024021962937542897,0.010264453275288677,0.0002426584698649786
5.85,0.002745367192862045,0.030793359825865403,0.00048531693972995706
5.801612903225807,0.0024021962937542897,0.003421484425096226,0.0002426584698649786
5.859677419354838,0.004118050789293067,0.003421484425095912,0.0004853169397299569
5.820967741935483,0.0034317089910775563,0.04447929752625062,0.0004853169397299569
5.787096774193548,0.004461221688400823,0.013685937700384903,0.0031545601082447207
5.801612903225806,0.002745367192862045,0.03079335982586572,0.000970633879459914
5.806451612903226,0.0030885380919698007,0.03421484425096226,0.00024265846986497845
5.811290322580645,0.002745367192862045,0.010264453275288677,0.00048531693972995706
5.77258064516129,0.006863417982155113,0.003421484425096226,0.002911901638379742
5.801612903225807,0.007206588881262868,0.01710742212548113,0.002183926228784807
5.743548387096775,0.004118050789293067,0.017107422125480814,0.0004853169397299569
5.787096774193548,0.0061770761839396015,0.0,0.0033972185781096995
5.811290322580645,0.004118050789293067,0.003421484425096226,0.0004853169397299569
5.724193548387097,0.004118050789293067,0.003421484425095912,0.0
5.77258064516129,0.0,0.03079335982586603,0.0
5.762903225806451,0.003774879890185312,0.01710742212548113,0.0016986092890548497
5.782258064516129,0.0034317089910775563,0.003421484425096226,0.0
5.77258064516129,0.004461221688400823,0.010264453275288677,0.00024265846986497845
5.753225806451613,0.0061770761839396015,0.01710742212548113,0.0004853169397299569
5.77258064516129,0.00549073438572409,0.01710742212548113,0.0004853169397299572
5.714516129032258,0.01407000686341798,0.03763632867605786,0.0021839262287848063
5.767741935483871,0.01098146877144818,0.03421484425096195,0.003397218578109699
5.675806451612903,0.003774879890185312,0.03763632867605817,0.0012132923493248927
5.690322580645162,0.0075497597803706245,0.020528906550577042,0.0
5.680645161290323,0.004461221688400823,0.0,0.00024265846986497845
5.661290322580644,0.007206588881262868,0.02737187540076949,0.0012132923493248923
5.627419354838709,0.00549073438572409,0.01710742212548113,0.0
5.661290322580646,0.007206588881262868,0.020528906550577042,0.00024265846986497877
5.685483870967742,0.006520247083047357,0.03079335982586572,0.00024265846986497845
5.608064516129032,0.00789293067947838,0.023950390975673266,0.0007279754095949354
5.651612903225805,0.007206588881262868,0.03421484425096195,0.00024265846986497877
5.583870967741936,0.008236101578586136,0.01368593770038459,0.0019412677589198282
5.603225806451612,0.0075497597803706245,0.006842968850192452,0.0
5.554838709677418,0.0037748798901853123,0.0,0.002669243168514764
5.559677419354838,0.00789293067947838,0.03079335982586572,0.00024265846986497815
5.477419354838709,0.008236101578586135,0.020528906550577354,0.0
5.477419354838709,0.00789293067947838,0.020528906550577354,0.00024265846986497815
5.525806451612903,0.008236101578586135,0.006842968850192452,0.0
5.501612903225806,0.009265614275909401,0.07185117292702012,0.00024265846986497845
5.298387096774193,0.00857927247769389,0.13343789257875155,0.00024265846986497845
5.1338709677419345,0.00789293067947838,0.28398320728298454,0.0007279754095949354
4.098387096774193,0.014413177762525736,0.010264453275288677,0.003397218578109699
5.041935483870967,0.007206588881262868,0.19160312780538707,0.0007279754095949354
3.837096774193548,0.009608785175017157,0.5782308678412573,0.0
2.888709677419355,0.009951956074124912,0.2018675810806756,0.0012132923493248923
3.6967741935483867,0.007549759780370624,0.0684296885019239,0.0014559508191898708
2.4338709677419352,0.011324639670555935,0.40031367773625515,0.0016986092890548497
2.7241935483870963,0.013726835964310225,0.37294180233548546,0.004367852457569613
2.0129032258064514,0.009608785175017157,0.48585078836365997,0.0
1.4564516129032257,0.005147563486616335,0.24292539418182998,0.003639877047974678
1.9209677419354838,0.009265614275909401,0.07185117292702012,0.00024265846986497845
1.2387096774193547,0.00857927247769389,0.28056172285788816,0.00024265846986497845
1.4129032258064516,0.0061770761839396015,0.13001640815365548,0.002426584698649785
1.0693548387096774,0.006863417982155113,0.16080976797952135,0.0009706338794599138
0.8854838709677418,0.009265614275909401,0.2155535187810604,0.00024265846986497845
0.5564516129032258,0.008922443376801646,0.14712383027913645,0.0
0.6870967741935483,0.012010981468771446,0.020528906550577198,0.0016986092890548497
0.3870967741935484,0.007549759780370624,0.08211562620230874,0.0009706338794599138
0.2854838709677419,0.008922443376801646,0.058165235226635366,0.0
0.39677419354838706,0.009608785175017159,0.006842968850192373,0.00048531693972995755
0.29516129032258065,0.008922443376801646,0.058165235226635345,0.0
0.2467741935483871,0.00857927247769389,0.06500820407682774,0.00024265846986497845
0.22741935483870965,0.012010981468771447,0.01710742212548099,0.002183926228784807
0.2032258064516129,0.00857927247769389,0.05474375080153916,0.00024265846986497845
0.12580645161290321,0.008922443376801646,0.02737187540076957,0.0
0.12096774193548386,0.009608785175017159,0.01710742212548098,0.00048531693972995755
0.11129032258064515,0.007206588881262868,0.010264453275288589,0.0012132923493248923
0.1064516129032258,0.00789293067947838,0.013685937700384785,0.00024265846986497815
0.13548387096774195,0.009608785175017157,0.034214844250961975,0.0
0.08225806451612902,0.011667810569663692,0.010264453275288594,0.002426584698649786
0.11612903225806451,0.010638297872340424,0.006842968850192393,0.001213292349324893
0.10161290322580645,0.008922443376801646,0.010264453275288589,0.0
0.07741935483870968,0.009608785175017157,0.0,0.0
0.2129032258064516,0.004804392587508579,0.054743750801539155,0.0004853169397299572
0.09193548387096774,0.009265614275909401,0.0034214844250961963,0.00024265846986497845
0.1693548387096774,0.009951956074124912,0.058165235226635345,0.00024265846986497907
0.10161290322580645,0.01029512697323267,0.0034214844250961963,0.0
0.06774193548387096,0.007549759780370624,0.027371875400769578,0.0009706338794599138
0.17419354838709677,0.006863417982155113,0.061586719651731556,0.001941267758919828
0.07741935483870968,0.02745367192862045,0.020528906550577184,0.005823803276759484
0.0967741935483871,0.006863417982155113,0.006842968850192393,0.001455950819189871
0.08709677419354839,0.005147563486616334,0.03421484425096197,0.0021839262287848063
0.0532258064516129,0.006520247083047357,0.0034214844250961963,0.0016986092890548495
0.08225806451612902,0.008922443376801646,0.02395039097567338,0.0004853169397299569
0.0532258064516129,0.006520247083047357,0.010264453275288589,0.003154560108244721
0.07258064516129031,0.012354152367879203,0.017107422125480987,0.002426584698649785
0.12096774193548387,0.010295126973232668,0.05132226637644296,0.0009706338794599138
0.07741935483870968,0.012010981468771447,0.01368593770038479,0.002183926228784807
0.1064516129032258,0.008922443376801646,0.006842968850192393,0.0004853169397299569
0.1064516129032258,0.006863417982155113,0.0,0.001455950819189871
0.03870967741935484,0.009265614275909401,0.0,0.00024265846986497845
0.08709677419354839,0.00789293067947838,0.01368593770038479,0.0026692431685147633
0.0532258064516129,0.007206588881262868,0.010264453275288589,0.0016986092890548495
0.03870967741935484,0.008236101578586135,0.0,0.0
0.03387096774193549,0.009951956074124912,0.003421484425096199,0.0012132923493248923
0.0967741935483871,0.009265614275909401,0.006842968850192393,0.00024265846986497845
0.08225806451612902,0.009265614275909401,0.017107422125480987,0.0007279754095949359
0.07741935483870967,0.009265614275909401,0.04105781310115437,0.00024265846986497845
0.08709677419354839,0.005833905284831845,0.0,0.0026692431685147633
0.08225806451612903,0.008236101578586135,0.0034214844250961963,0.0004853169397299566
0.06774193548387097,0.01029512697323267,0.006842968850192398,0.00048531693972995755
0.08225806451612903,0.009265614275909401,0.0034214844250961963,0.0007279754095949359
0.058064516129032254,0.009265614275909401,0.027371875400769578,0.00024265846986497845
0.029032258064516127,0.009951956074124912,0.013685937700384789,0.00024265846986497907
0.04838709677419355,0.01647220315717227,0.034214844250961975,0.005338486337029528
0.04838709677419355,0.01098146877144818,0.013685937700384789,0.0004853169397299563
0.04838709677419355,0.013040494166094714,0.013685937700384789,0.0019412677589198276
0.06290322580645161,0.00857927247769389,0.017107422125480987,0.00024265846986497845
0.07258064516129031,0.00789293067947838,0.003421484425096201,0.0012132923493248923
0.06290322580645161,0.00857927247769389,0.017107422125480987,0.00024265846986497845
0.0967741935483871,0.013726835964310223,0.006842968850192393,0.006794437156219397
0.04838709677419355,0.009265614275909401,0.020528906550577184,0.00024265846986497845
0.01935483870967742,0.008236101578586135,0.006842968850192394,0.002911901638379742
0.06290322580645161,0.013726835964310225,0.0034214844250961963,0.0033972185781097003
0.08225806451612903,0.004461221688400823,0.0034214844250961963,0.0031545601082447207
0.06774193548387096,0.012697323266986957,0.0,0.0021839262287848067
0.0532258064516129,0.007206588881262868,0.010264453275288589,0.0016986092890548495
0.058064516129032254,0.01098146877144818,0.006842968850192393,0.0014559508191898714
0.07741935483870968,0.009608785175017157,0.01368593770038479,0.0
0.03870967741935484,0.00857927247769389,0.006842968850192395,0.0007279754095949351
0.06290322580645161,0.006520247083047357,0.0034214844250961963,0.0016986092890548495
0.029032258064516127,0.009265614275909401,0.0,0.0007279754095949359
0.043548387096774194,0.011667810569663692,0.023950390975673384,0.0019412677589198282
0.06290322580645161,0.004118050789293067,0.0034214844250961963,0.002911901638379742
0.02903225806451613,0.01029512697323267,0.006842968850192395,0.0
0.004838709677419355,0.009951956074124912,0.0034214844250961976,0.00024265846986497907
0.043548387096774194,0.0013726835964310226,0.017107422125480984,0.0009706338794599141
0.04838709677419355,0.010638297872340425,0.020528906550577184,0.00024265846986497845
0.05806451612903226,0.01098146877144818,0.01368593770038479,0.0004853169397299563
0.07741935483870968,0.008236101578586136,0.020528906550577184,0.0019412677589198282
0.043548387096774194,0.009265614275909401,0.010264453275288592,0.00024265846986497845
0.058064516129032254,0.010295126973232668,0.006842968850192393,0.0009706338794599138
0.03870967741935484,0.008922443376801646,0.013685937700384789,0.0004853169397299569
0.024193548387096774,0.011667810569663692,0.010264453275288592,0.002426584698649786
0.05806451612903226,0.018531228551818803,0.01368593770038479,0.006794437156219397
0.0532258064516129,0.009608785175017159,0.0034214844250961963,0.00048531693972995755
0.07741935483870968,0.008922443376801646,0.006842968850192398,0.0004853169397299569
0.058064516129032254,0.01715854495538778,0.0,0.00485316939729957
0.06290322580645161,0.008922443376801646,0.0034214844250961963,0.0
0.01935483870967742,0.0061770761839396015,0.006842968850192394,0.001941267758919828
0.06774193548387097,0.013726835964310225,0.01368593770038479,0.003882535517839656
0.03870967741935484,0.008922443376801646,0.02737187540076958,0.0004853169397299569
0.05806451612903226,0.010638297872340424,0.01368593770038479,0.0016986092890548497
0.0532258064516129,0.00857927247769389,0.010264453275288589,0.0021839262287848063
0.014516129032258065,0.008236101578586135,0.0034214844250961976,0.0
0.07741935483870968,0.0048043925875085785,0.01368593770038479,0.002911901638379742
0.08225806451612903,0.013726835964310225,0.0034214844250961963,0.0033972185781097003
0.043548387096774194,0.00857927247769389,0.010264453275288592,0.0007279754095949351
0.07258064516129031,0.009608785175017159,0.010264453275288594,0.0019412677589198282
0.0532258064516129,0.008922443376801646,0.01710742212548099,0.0
0.11129032258064515,0.021619766643788604,0.0034214844250961963,0.00849304644527425
0.043548387096774194,0.009951956074124912,0.030793359825865778,0.00024265846986497907
0.13548387096774195,0.009951956074124912,0.04105781310115437,0.0007279754095949359
0.04838709677419355,0.009265614275909401,0.013685937700384789,0.00024265846986497845
0.024193548387096774,0.009608785175017159,0.0034214844250961963,0.00048531693972995755
0.03870967741935484,0.02676733013040494,0.013685937700384789,0.004853169397299572
0.04838709677419355,0.00789293067947838,0.006842968850192393,0.0007279754095949354
0.0532258064516129,0.009265614275909401,0.010264453275288589,0.00024265846986497845
0.03870967741935484,0.009608785175017159,0.013685937700384789,0.00048531693972995755
0.04838709677419355,0.00857927247769389,0.013685937700384789,0.0007279754095949351
0.08709677419354837,0.009265614275909401,0.04105781310115437,0.00024265846986497845
0.04838709677419355,0.008922443376801646,0.020528906550577184,0.0004853169397299569
0.04838709677419355,0.008922443376801646,0.020528906550577184,0.0004853169397299569
0.024193548387096774,0.01029512697323267,0.010264453275288592,0.0
0.043548387096774194,0.009608785175017159,0.030793359825865778,0.0019412677589198282
0.1596774193548387,0.01029512697323267,0.05132226637644296,0.0014559508191898714
0.04838709677419355,0.011324639670555936,0.006842968850192393,0.002669243168514764
0.12096774193548386,0.02745367192862045,0.030793359825865767,0.006309120216489439
0.06774193548387096,0.010638297872340424,0.0,0.001213292349324893
0.058064516129032254,0.01029512697323267,0.006842968850192393,0.0
0.014516129032258065,0.01029512697323267,0.0034214844250961976,0.0
0.1064516129032258,0.009608785175017159,0.03421484425096198,0.00048531693972995755
0.06774193548387097,0.009951956074124912,0.006842968850192398,0.0007279754095949359
0.08225806451612902,0.0037748798901853123,0.010264453275288594,0.002669243168514764
0.08225806451612902,0.009265614275909401,0.010264453275288594,0.0007279754095949359
0.03387096774193549,0.0010295126973232668,0.010264453275288592,0.0007279754095949355
0.024193548387096774,0.008922443376801646,0.0034214844250961963,0.0004853169397299569
0.07258064516129031,0.00857927247769389,0.010264453275288594,0.00024265846986497845
0.06290322580645161,0.019903912148249825,0.0034214844250961963,0.00825038797540927
0.03870967741935484,0.00857927247769389,0.013685937700384789,0.00024265846986497845
0.03870967741935484,0.009265614275909401,0.013685937700384789,0.00024265846986497845
0.06774193548387097,0.009951956074124912,0.01368593770038479,0.0007279754095949359
0.058064516129032254,0.009951956074124912,0.0,0.00024265846986497907
0.058064516129032254,0.008236101578586135,0.027371875400769578,0.0
0.043548387096774194,0.006520247083047357,0.023950390975673384,0.00024265846986497845
0.06290322580645161,0.010638297872340424,0.0034214844250961963,0.0016986092890548497
0.043548387096774194,0.011667810569663692,0.010264453275288592,0.002426584698649786
0.0967741935483871,0.021619766643788604,0.03421484425096197,0.007522412565814335
0.05806451612903226,0.013726835964310225,0.01368593770038479,0.0004853169397299569
0.0532258064516129,0.01098146877144818,0.01710742212548099,0.0009706338794599144
0.03870967741935484,0.008922443376801648,0.0,0.0009706338794599141
0.014516129032258065,0.01029512697323267,0.0034214844250961976,0.001941267758919828
0.08225806451612902,0.009951956074124912,0.017107422125480987,0.00024265846986497907
0.043548387096774194,0.009951956074124912,0.017107422125480984,0.00024265846986497907
0.16451612903225807,0.009608785175017157,0.05474375080153916,0.0
0.029032258064516127,0.00789293067947838,0.013685937700384789,0.00024265846986497815
0.07741935483870968,0.009608785175017159,0.006842968850192398,0.00048531693972995755
0.03387096774193548,0.008236101578586135,0.017107422125480984,0.0004853169397299566
0.08709677419354839,0.009608785175017159,0.006842968850192393,0.00048531693972995755
0.03387096774193548,0.010295126973232668,0.02395039097567338,0.0009706338794599138
0.0532258064516129,0.008922443376801646,0.010264453275288589,0.0
0.06774193548387097,0.009265614275909401,0.006842968850192398,0.00024265846986497845
0.029032258064516127,0.011324639670555935,0.0,0.001213292349324893
0.03387096774193548,0.01029512697323267,0.017107422125480984,0.00048531693972995755
0.16451612903225807,0.006520247083047357,0.05474375080153916,0.0016986092890548495
0.029032258064516127,0.010295126973232668,0.020528906550577184,0.0009706338794599138
0.043548387096774194,0.010638297872340424,0.017107422125480984,0.001213292349324893
0.06774193548387096,0.009265614275909401,0.0,0.0007279754095949359
0.024193548387096774,0.00857927247769389,0.010264453275288592,0.00024265846986497845
0.058064516129032254,0.009951956074124912,0.0,0.00024265846986497907
0.058064516129032254,0.009265614275909401,0.0,0.00024265846986497845
0.04838709677419355,0.009608785175017159,0.006842968850192393,0.00048531693972995755
0.06774193548387097,0.006520247083047357,0.01368593770038479,0.0021839262287848063
0.024193548387096774,0.009608785175017157,0.0034214844250961963,0.0
0.03387096774193548,0.009265614275909401,0.017107422125480984,0.00024265846986497845
0.0532258064516129,0.01578586135895676,0.0034214844250961963,0.003882535517839655
0.029032258064516127,0.00857927247769389,0.020528906550577184,0.00024265846986497845
0.10161290322580645,0.024708304735758406,0.01710742212548098,0.006794437156219397
0.029032258064516127,0.00857927247769389,0.0,0.00024265846986497845
0.07258064516129031,0.011324639670555935,0.010264453275288594,0.001213292349324893
0.06774193548387097,0.011667810569663692,0.006842968850192398,0.0019412677589198282
0.07258064516129031,0.008922443376801646,0.017107422125480987,0.0004853169397299569
0.043548387096774194,0.008236101578586135,0.010264453275288592,0.0009706338794599138
0.058064516129032254,0.009608785175017159,0.0,0.00048531693972995755
0.024193548387096774,0.01029512697323267,0.0034214844250961963,0.00048531693972995755
0.058064516129032254,0.009608785175017157,0.020528906550577184,0.0
0.058064516129032254,0.008236101578586135,0.0,0.0004853169397299566
0.07741935483870968,0.00549073438572409,0.01368593770038479,0.0014559508191898714
0.0967741935483871,0.004118050789293068,0.020528906550577184,0.0024265846986497855
0.04838709677419355,0.021962937542896358,0.006842968850192393,0.009221021854869184
0.06290322580645161,0.009265614275909401,0.017107422125480987,0.00024265846986497845
0.043548387096774194,0.00857927247769389,0.023950390975673384,0.00024265846986497845
0.03870967741935484,0.012010981468771447,0.006842968850192395,0.0012132923493248923
0.0532258064516129,0.00857927247769389,0.0034214844250961963,0.0007279754095949351
0.02903225806451613,0.008922443376801646,0.006842968850192395,0.0
0.014516129032258065,0.008922443376801646,0.0034214844250961976,0.0
0.04838709677419355,0.009608785175017159,0.020528906550577184,0.00048531693972995755
0.03870967741935484,0.009265614275909401,0.006842968850192395,0.00024265846986497845
0.07258064516129031,0.008236101578586136,0.02395039097567338,0.0014559508191898714
0.06290322580645161,0.009608785175017159,0.010264453275288594,0.00048531693972995755
0.06774193548387097,0.010295126973232668,0.01368593770038479,0.0009706338794599138
0.024193548387096774,0.008236101578586135,0.0034214844250961963,0.0
0.0967741935483871,0.010638297872340424,0.027371875400769578,0.0007279754095949354
0.06290322580645161,0.01098146877144818,0.010264453275288594,0.0004853169397299563
0.03870967741935484,0.01715854495538778,0.013685937700384789,0.005338486337029528
0.08225806451612903,0.008236101578586135,0.0034214844250961963,0.0
0.0532258064516129,0.009951956074124912,0.0034214844250961963,0.0012132923493248923
0.11129032258064515,0.011324639670555935,0.023950390975673374,0.0016986092890548497
0.04838709677419355,0.013726835964310225,0.0,0.0024265846986497846
0.1403225806451613,0.0054907343857240895,0.058165235226635345,0.002426584698649785
0.07258064516129031,0.0048043925875085785,0.003421484425096201,0.003397218578109699
0.10161290322580645,0.005833905284831846,0.0034214844250961963,0.0021839262287848063
0.06290322580645161,0.0075497597803706245,0.0034214844250961963,0.0
0.03387096774193548,0.00857927247769389,0.017107422125480984,0.0007279754095949351
0.06774193548387097,0.009608785175017159,0.006842968850192398,0.00048531693972995755
0.04838709677419355,0.008922443376801646,0.020528906550577184,0.0004853169397299569
0.04838709677419355,0.007549759780370624,0.020528906550577184,0.0009706338794599138
0.07258064516129031,0.00857927247769389,0.010264453275288594,0.0007279754095949351
0.01935483870967742,0.00857927247769389,0.006842968850192394,0.00024265846986497845
0.04838709677419355,0.006520247083047357,0.0,0.0007279754095949357
0.058064516129032254,0.00789293067947838,0.006842968850192393,0.0016986092890548497
0.029032258064516127,0.007206588881262868,0.013685937700384789,0.0012132923493248923
0.04838709677419355,0.009608785175017157,0.013685937700384789,0.0
0.004838709677419355,0.014413177762525736,0.0034214844250961976,0.003397218578109699
0.08225806451612903,0.00857927247769389,0.0034214844250961963,0.0016986092890548497
0.04838709677419355,0.00857927247769389,0.020528906550577184,0.006066461746624462
0.004838709677419355,0.00857927247769389,0.0034214844250961976,0.00024265846986497845
0.038709677419354833,0.009265614275909401,0.020528906550577184,0.0007279754095949359
0.043548387096774194,0.009608785175017157,0.023950390975673384,0.0
0.06774193548387097,0.008922443376801646,0.006842968850192398,0.0004853169397299569
0.03870967741935484,0.01647220315717227,0.006842968850192395,0.00485316939729957
0.043548387096774194,0.006863417982155113,0.010264453275288592,0.0009706338794599138
0.04838709677419355,0.01029512697323267,0.020528906550577184,0.00048531693972995755
0.0532258064516129,0.008922443376801646,0.030793359825865778,0.0
0.07258064516129031,0.010295126973232668,0.003421484425096201,0.0009706338794599138
0.024193548387096774,0.009608785175017159,0.0034214844250961963,0.00048531693972995755
0.058064516129032254,0.011324639670555935,0.0,0.0021839262287848067
0.024193548387096774,0.010638297872340425,0.010264453275288592,0.003154560108244721
0.043548387096774194,0.011667810569663692,0.010264453275288592,0.0029119016383797416
0.043548387096774194,0.005833905284831846,0.023950390975673384,0.0016986092890548495
0.058064516129032254,0.0037748798901853123,0.006842968850192393,0.002669243168514764
0.12580645161290321,0.009608785175017157,0.054743750801539155,0.0
0.07741935483870968,0.011324639670555935,0.020528906550577184,0.001213292349324893
0.043548387096774194,0.008236101578586135,0.010264453275288592,0.0004853169397299566
0.07258064516129031,0.008236101578586135,0.017107422125480987,0.0
0.043548387096774194,0.01098146877144818,0.010264453275288592,0.0009706338794599144
0.043548387096774194,0.00857927247769389,0.010264453275288592,0.002669243168514764
0.058064516129032254,0.01098146877144818,0.020528906550577184,0.0009706338794599144
0.03870967741935484,0.009265614275909401,0.013685937700384789,0.0007279754095949359
0.07741935483870968,0.0061770761839396015,0.0,0.002426584698649785
0.029032258064516127,0.010638297872340424,0.020528906550577184,0.001213292349324893
0.043548387096774194,0.009951956074124912,0.017107422125480984,0.0007279754095949359
0.043548387096774194,0.009608785175017157,0.0034214844250961963,0.0
0.0532258064516129,0.008922443376801646,0.02395039097567338,0.0004853169397299569
0.0532258064516129,0.013040494166094714,0.02395039097567338,0.0014559508191898714
0.014516129032258065,0.00789293067947838,0.0034214844250961976,0.00024265846986497815
0.058064516129032254,0.010295126973232668,0.006842968850192393,0.0009706338794599138
0.07741935483870968,0.01029512697323267,0.020528906550577184,0.0
0.014516129032258063,0.009265614275909401,0.010264453275288592,0.00024265846986497845
0.07741935483870968,0.00789293067947838,0.01368593770038479,0.00024265846986497815
0.043548387096774194,0.010638297872340425,0.010264453275288592,0.0021839262287848063
0.03870967741935484,0.009265614275909401,0.006842968850192395,0.0007279754095949359
0.11129032258064515,0.007206588881262868,0.023950390975673374,0.0016986092890548495
0.03387096774193548,0.006863417982155113,0.02395039097567338,0.001455950819189871
0.07741935483870968,0.00789293067947838,0.027371875400769578,0.00024265846986497815
0.04838709677419355,0.011324639670555936,0.02737187540076958,0.0007279754095949354
0.029032258064516127,0.00857927247769389,0.0,0.00024265846986497845
0.08225806451612902,0.012010981468771447,0.02395039097567338,0.0012132923493248923
0.07258064516129031,0.02264927934111187,0.003421484425096201,0.009706338794599138
0.0532258064516129,0.00789293067947838,0.01710742212548099,0.002183926228784807
0.043548387096774194,0.01029512697323267,0.030793359825865778,0.00048531693972995755
0.06774193548387097,0.00857927247769389,0.006842968850192398,0.0007279754095949351
0.03870967741935484,0.015442690459849005,0.006842968850192395,0.004610510927434593
0.01935483870967742,0.009265614275909401,0.0,0.00024265846986497845
0.0532258064516129,0.009951956074124912,0.0034214844250961963,0.00024265846986497907
0.06290322580645161,0.01098146877144818,0.0034214844250961963,0.0
0.058064516129032254,0.0048043925875085785,0.020528906550577184,0.003397218578109699
0.04838709677419355,0.016815374056280027,0.02737187540076958,0.005581144806894506
0.06774193548387097,0.0024021962937542892,0.006842968850192398,0.0016986092890548495
0.01935483870967742,0.021619766643788604,0.006842968850192394,0.00849304644527425
0.04838709677419355,0.008922443376801646,0.02737187540076958,0.0004853169397299569
0.03387096774193549,0.008922443376801646,0.003421484425096199,0.0
0.06290322580645161,0.009951956074124912,0.0034214844250961963,0.00024265846986497907
0.07741935483870968,0.012354152367879203,0.0,0.0019412677589198289
0.029032258064516127,0.01029512697323267,0.013685937700384789,0.0014559508191898714
0.1064516129032258,0.013726835964310225,0.04105781310115436,0.0009706338794599144
0.06290322580645161,0.009608785175017159,0.0034214844250961963,0.00048531693972995755
0.07741935483870968,0.009265614275909401,0.0,0.00024265846986497845
0.06290322580645161,0.01029512697323267,0.02395039097567338,0.00048531693972995755
0.06774193548387097,0.008922443376801646,0.01368593770038479,0.0004853169397299569
0.03870967741935484,0.011667810569663692,0.006842968850192395,0.0019412677589198282
0.03387096774193549,0.011667810569663692,0.003421484425096199,0.0019412677589198282
0.04838709677419355,0.009265614275909401,0.013685937700384789,0.0007279754095949359
0.043548387096774194,0.009951956074124912,0.017107422125480984,0.0007279754095949359
0.14999999999999997,0.00857927247769389,0.03763632867605816,0.00024265846986497845
0.06774193548387096,0.009265614275909401,0.03421484425096197,0.0007279754095949359
0.01935483870967742,0.01578586135895676,0.006842968850192394,0.002911901638379742
0.02903225806451613,0.005833905284831846,0.006842968850192395,0.001213292349324893
0.0532258064516129,0.009951956074124912,0.010264453275288589,0.00024265846986497907
0.024193548387096774,0.009608785175017159,0.017107422125480987,0.00048531693972995755
0.04838709677419355,0.009608785175017157,0.006842968850192393,0.0
0.03387096774193549,0.009951956074124912,0.003421484425096199,0.0007279754095949359
0.08709677419354839,0.011667810569663692,0.01368593770038479,0.0014559508191898714
0.058064516129032254,0.008922443376801646,0.034214844250961975,0.0
0.06290322580645161,0.009608785175017159,0.0034214844250961963,0.0009706338794599144
0.06774193548387097,0.01647220315717227,0.006842968850192398,0.0019412677589198276
0.05806451612903226,0.009265614275909401,0.01368593770038479,0.0007279754095949359
0.07258064516129031,0.00857927247769389,0.010264453275288594,0.0007279754095949351
0.038709677419354833,0.004118050789293067,0.020528906550577184,0.002911901638379742
0.08709677419354839,0.011667810569663692,0.03421484425096197,0.0004853169397299569
0.024193548387096774,0.011667810569663692,0.017107422125480987,0.0019412677589198282
0.029032258064516127,0.009951956074124912,0.0,0.00024265846986497907
0.08225806451612903,0.007549759780370624,0.0034214844250961963,0.0019412677589198287
0.014516129032258065,0.009265614275909401,0.0034214844250961976,0.00024265846986497845
0.0532258064516129,0.009608785175017159,0.0034214844250961963,0.00048531693972995755
0.03387096774193549,0.009951956074124912,0.010264453275288592,0.0007279754095949359
0.0532258064516129,0.0061770761839396015,0.01710742212548099,0.002426584698649785
0.029032258064516127,0.012354152367879203,0.0,0.002426584698649785
0.06774193548387096,0.00857927247769389,0.0,0.0007279754095949351
0.03387096774193549,0.011667810569663692,0.010264453275288592,0.0009706338794599138
0.07258064516129031,0.008922443376801646,0.010264453275288594,0.0
0.03387096774193549,0.011667810569663692,0.010264453275288592,0.002426584698649786
0.05806451612903226,0.009265614275909401,0.01368593770038479,0.00024265846986497845
0.07258064516129031,0.009608785175017157,0.003421484425096201,0.0
0.12580645161290321,0.009265614275909401,0.07527265735211634,0.00024265846986497845
0.06290322580645161,0.012010981468771447,0.02395039097567338,0.0012132923493248923
0.0532258064516129,0.009608785175017157,0.010264453275288589,0.0
0.06774193548387096,0.009265614275909401,0.027371875400769578,0.00024265846986497845
0.06290322580645161,0.009951956074124912,0.010264453275288594,0.00024265846986497907
0.01935483870967742,0.009608785175017157,0.0,0.0
0.043548387096774194,0.014070006863417979,0.017107422125480984,0.0036398770479746773
0.01935483870967742,0.009265614275909401,0.0,0.00024265846986497845
0.03870967741935484,0.011324639670555936,0.006842968850192395,0.0007279754095949354
0.029032258064516127,0.0061770761839396015,0.020528906550577184,0.001941267758919828
0.04838709677419355,0.009265614275909403,0.020528906550577184,0.0012132923493248925
0.06774193548387097,0.00789293067947838,0.01368593770038479,0.0016986092890548497
0.0532258064516129,0.005833905284831846,0.02395039097567338,0.0016986092890548495
0.06290322580645161,0.008922443376801648,0.0034214844250961963,0.0009706338794599141
0.0532258064516129,0.011324639670555935,0.0034214844250961963,0.004125193987704635
0.07258064516129031,0.00789293067947838,0.010264453275288594,0.0012132923493248923
0.03870967741935484,0.009608785175017157,0.013685937700384789,0.0
0.06290322580645161,0.009951956074124912,0.02395039097567338,0.00024265846986497907
0.03870967741935484,0.00789293067947838,0.02737187540076958,0.0007279754095949354
0.07741935483870968,0.009608785175017157,0.006842968850192398,0.0
0.03870967741935484,0.01029512697323267,0.013685937700384789,0.00048531693972995755
0.058064516129032254,0.01647220315717227,0.006842968850192393,0.005338486337029528
0.058064516129032254,0.009951956074124912,0.006842968850192393,0.0007279754095949359
0.00967741935483871,0.010638297872340425,0.0,0.00024265846986497845
0.06290322580645161,0.006863417982155113,0.010264453275288594,0.0009706338794599138
0.06774193548387097,0.011324639670555935,0.006842968850192398,0.0016986092890548497
0.06774193548387097,0.015442690459849001,0.006842968850192398,0.0026692431685147637
0.004838709677419355,0.009608785175017157,0.0034214844250961976,0.0
0.043548387096774194,0.00789293067947838,0.017107422125480984,0.0016986092890548497
0.08709677419354839,0.008922443376801646,0.01368593770038479,0.002911901638379742
0.058064516129032254,0.010638297872340425,0.006842968850192393,0.00024265846986497845
0.04838709677419355,0.009265614275909403,0.0,0.0012132923493248925
0.06774193548387096,0.009608785175017159,0.0,0.00048531693972995755
0.0532258064516129,0.010638297872340424,0.010264453275288589,0.001213292349324893
0.07258064516129031,0.006520247083047357,0.03079335982586577,0.0012132923493248925
0.03387096774193549,0.009951956074124912,0.010264453275288592,0.0007279754095949359
0.004838709677419355,0.009608785175017159,0.0034214844250961976,0.00048531693972995755
0.07258064516129031,0.00857927247769389,0.003421484425096201,0.001213292349324893
0.01935483870967742,0.009608785175017157,0.0,0.0
0.1161290322580645,0.009265614275909401,0.06158671965173154,0.0007279754095949359
0.06290322580645161,0.008236101578586135,0.017107422125480987,0.0004853169397299566
0.07741935483870968,0.02059025394646534,0.0,0.009221021854869184
0.04838709677419355,0.011667810569663692,0.013685937700384789,0.0014559508191898714
0.07258064516129031,0.01098146877144818,0.003421484425096201,0.0019412677589198282
0.13064516129032258,0.008922443376801646,0.030793359825865778,0.0004853169397299569
0.014516129032258063,0.0061770761839396015,0.010264453275288592,0.0009706338794599144
0.06290322580645161,0.014070006863417982,0.0034214844250961963,0.0031545601082447216
0.03870967741935484,0.009608785175017159,0.013685937700384789,0.0009706338794599144
0.07258064516129031,0.00857927247769389,0.003421484425096201,0.0007279754095949351
0.07258064516129031,0.012010981468771446,0.003421484425096201,0.0016986092890548497
0.0532258064516129,0.008236101578586135,0.010264453275288589,0.0
0.13548387096774195,0.007549759780370624,0.07527265735211636,0.0009706338794599138
0.038709677419354833,0.008922443376801646,0.020528906550577184,0.0
0.058064516129032254,0.007549759780370624,0.027371875400769578,0.0004853169397299569
0.07258064516129031,0.010638297872340425,0.003421484425096201,0.00024265846986497845
0.043548387096774194,0.009265614275909401,0.010264453275288592,0.0021839262287848067
0.043548387096774194,0.005833905284831846,0.017107422125480984,0.0016986092890548495
0.0532258064516129,0.011324639670555936,0.030793359825865778,0.0007279754095949354
0.08225806451612903,0.00857927247769389,0.0034214844250961963,0.00024265846986497845
0.03870967741935484,0.01029512697323267,0.013685937700384789,0.00048531693972995755
0.0532258064516129,0.00789293067947838,0.01710742212548099,0.0012132923493248923
0.06290322580645161,0.009265614275909401,0.0034214844250961963,0.00024265846986497845
0.08709677419354839,0.005147563486616335,0.006842968850192393,0.0007279754095949357
0.02903225806451613,0.008236101578586135,0.006842968850192395,0.0
0.0532258064516129,0.010638297872340424,0.01710742212548099,0.0007279754095949354
0.07741935483870968,0.008922443376801646,0.01368593770038479,0.0004853169397299569
0.08225806451612903,0.00857927247769389,0.0034214844250961963,0.00024265846986497845
0.058064516129032254,0.009608785175017159,0.006842968850192393,0.00048531693972995755
0.07258064516129031,0.01578586135895676,0.003421484425096201,0.004853169397299571
0.0532258064516129,0.011324639670555935,0.0034214844250961963,0.0016986092890548497
0.06290322580645161,0.007549759780370624,0.0034214844250961963,0.0019412677589198287
0.06290322580645161,0.00857927247769389,0.0034214844250961963,0.0007279754095949351
0.043548387096774194,0.008922443376801646,0.010264453275288592,0.0004853169397299569
0.03387096774193548,0.009608785175017157,0.02395039097567338,0.0
0.0532258064516129,0.008236101578586135,0.02395039097567338,0.0004853169397299566
0.07258064516129031,0.00789293067947838,0.010264453275288594,0.00024265846986497815
0.058064516129032254,0.004461221688400823,0.0,0.0031545601082447207
0.00967741935483871,0.0075497597803706245,0.006842968850192395,0.0
0.01935483870967742,0.013726835964310225,0.0,0.0
0.014516129032258063,0.003774879890185312,0.010264453275288592,0.0007279754095949354
0.029032258064516127,0.011667810569663692,0.0,0.0014559508191898714
0.029032258064516127,0.00789293067947838,0.013685937700384789,0.00024265846986497815
0.014516129032258065,0.01029512697323267,0.0034214844250961976,0.00048531693972995755
0.08225806451612902,0.01029512697323267,0.017107422125480987,0.0014559508191898714
0.038709677419354833,0.008922443376801646,0.020528906550577184,0.0004853169397299569
0.06774193548387097,0.008236101578586135,0.01368593770038479,0.0009706338794599138
0.0532258064516129,0.008922443376801648,0.030793359825865778,0.0009706338794599141
0.06774193548387097,0.012354152367879203,0.01368593770038479,0.002426584698649785
0.07741935483870968,0.00789293067947838,0.01368593770038479,0.00024265846986497815
0.0532258064516129,0.009951956074124912,0.0034214844250961963,0.0007279754095949359
0.05806451612903226,0.0054907343857240895,0.01368593770038479,0.002426584698649785
0.12580645161290321,0.009951956074124912,0.034214844250961975,0.00024265846986497907
0.0967741935483871,0.021619766643788604,0.0,0.008978363385004203
0.07741935483870968,0.00789293067947838,0.006842968850192398,0.0007279754095949354
0.07258064516129031,0.009265614275909401,0.003421484425096201,0.00024265846986497845
0.06290322580645161,0.007549759780370624,0.010264453275288594,0.0014559508191898708
0.043548387096774194,0.009608785175017159,0.010264453275288592,0.00048531693972995755
0.0532258064516129,0.008922443376801646,0.0034214844250961963,0.0
0.08709677419354839,0.009951956074124912,0.01368593770038479,0.0007279754095949359
0.058064516129032254,0.009608785175017159,0.027371875400769578,0.00048531693972995755
0.03387096774193548,0.017501715854495538,0.017107422125480984,0.004610510927434592
0.024193548387096774,0.008236101578586135,0.010264453275288592,0.0004853169397299566
0.03870967741935484,0.009265614275909401,0.013685937700384789,0.00024265846986497845
0.15483870967741936,0.011324639670555935,0.054743750801539155,0.00024265846986497785
0.0967741935483871,0.007206588881262868,0.061586719651731556,0.0012132923493248923
0.05806451612903226,0.007206588881262868,0.01368593770038479,0.0007279754095949354
0.01935483870967742,0.00857927247769389,0.006842968850192394,0.00024265846986497845
0.06290322580645161,0.020590253946465336,0.02395039097567338,0.006309120216489442
0.06290322580645161,0.008236101578586135,0.010264453275288594,0.0004853169397299566
0.03387096774193549,0.005833905284831845,0.003421484425096199,0.0026692431685147633
0.07258064516129031,0.009265614275909401,0.003421484425096201,0.0007279754095949359
0.04838709677419355,0.009265614275909401,0.013685937700384789,0.00024265846986497845
0.01935483870967742,0.011324639670555936,0.006842968850192394,0.0007279754095949354
0.04838709677419355,0.008922443376801646,0.034214844250961975,0.0
0.0532258064516129,0.007206588881262868,0.0034214844250961963,0.0012132923493248923
0.03870967741935484,0.008922443376801646,0.013685937700384789,0.0004853169397299569
0.0532258064516129,0.009951956074124912,0.010264453275288589,0.00024265846986497907
0.06774193548387097,0.006520247083047357,0.01368593770038479,0.0012132923493248925
0.043548387096774194,0.008922443376801646,0.0034214844250961963,0.0004853169397299569
0.04838709677419355,0.008922443376801646,0.013685937700384789,0.0
0.029032258064516127,0.009608785175017159,0.020528906550577184,0.00048531693972995755
0.03870967741935484,0.012697323266986957,0.013685937700384789,0.0021839262287848067
0.04838709677419355,0.011667810569663692,0.013685937700384789,0.0019412677589198282
0.043548387096774194,0.006863417982155113,0.017107422125480984,0.001941267758919828
0.00967741935483871,0.009265614275909401,0.006842968850192395,0.00024265846986497845
0.06290322580645161,0.009265614275909401,0.0034214844250961963,0.0007279754095949359
0.01935483870967742,0.005147563486616335,0.0,0.003639877047974678
0.04838709677419355,0.00857927247769389,0.013685937700384789,0.0007279754095949351
0.07741935483870968,0.00857927247769389,0.0,0.0007279754095949351
0.024193548387096774,0.009608785175017157,0.0034214844250961963,0.0
0.0532258064516129,0.008236101578586135,0.010264453275288589,0.0
0.04838709677419355,0.009951956074124912,0.0,0.0012132923493248923
0.04838709677419355,0.009608785175017159,0.02737187540076958,0.00048531693972995755
0.043548387096774194,0.010295126973232668,0.017107422125480984,0.0009706338794599138
0.058064516129032254,0.009951956074124912,0.006842968850192393,0.0012132923493248923
0.0532258064516129,0.009265614275909401,0.0034214844250961963,0.00024265846986497845
0.07741935483870968,0.022992450240219627,0.01368593770038479,0.008978363385004203
0.03870967741935484,0.008922443376801646,0.0,0.0
0.029032258064516127,0.00789293067947838,0.0,0.0007279754095949354
0.014516129032258065,0.02264927934111187,0.0034214844250961976,0.008735704915139225
0.043548387096774194,0.010295126973232668,0.010264453275288592,0.0009706338794599138
0.07258064516129031,0.009265614275909401,0.003421484425096201,0.0007279754095949359
